﻿Nombre_estacion;Ubicacion_Estacion;Numero_Vagones_Estacion;Numero_Accesos_Estacion;Biciestacion_Estacion;Componente_Wifi;Componente_Aplificacion
AV. Chile;Kr 30 Cl 72;6;2;0;No;No
CAN;KR 60;4;1;0;No;No
Campín - UAN;Kr 30 Cl 53;2;2;0;No;No
San Diego;Kra 10- CL 23;2;2;0;No;No
Granja - Kr 77;KR 77 Bis;3;2;0;No;No
Ricaurte - NQS;Kr 30 Cl 10;3;2;1;No;No
Quirigua;KR 94;1;1;0;No;No
Suba - Calle 100;Av Suba Cl 100;2;1;0;No;No
Calle 75 - Zona M;Kr 30 - Cl 75A;4;1;0;No;No
AV. Boyacá;Transversal 69 B;1;1;0;No;No
Calle 40 Sur;CL 38 Sur - CL 40 Su;3;2;0;No;No
AV. Américas - AV. Boyacá;Av. Americas -KR 71;4;1;1;No;No
Marsella;Av. Americas -KR 69C;6;1;1;No;No
Niza - Calle 127;Av Suba CL 127;2;2;0;No;No
La Campiña;Av Suba Kr 98A;2;1;0;No;No
Transversal 86;Av. Americas -tv. 86;4;1;0;No;No
Corferias;KR 43;2;1;0;No;No
Guatoque - Veraguas;kr 27;4;2;0;No;No
CDS - Carrera 32;Av. Americas -KR 32;2;2;0;No;No
Ciudad Universitaria - Lotería de Bogotá;KR 34;2;2;0;No;No
Universidad Nacional;Kr 30 Cl 45;3;2;0;No;No
AV. Rojas;CL 26-KR 69 d;6;1;1;No;No
Tercer Milenio;CL 8 - CL 6;3;2;0;No;No
Concejo de Bogotá;KR 38;2;1;0;No;No
NQS - Calle 38A S;AutoSur - Kr 39A;2;1;0;No;No
7 de Agosto;Kr 30 CL 63;2;1;0;No;No
AV. 68;KR 68D;1;1;0;No;No
Distrito Grafiti;Av. Americas -KR 53A;4;1;0;No;No
Polo;Transversal 27;1;1;0;No;No
Tygua - San José;kr 18;4;2;0;No;No
Quinta Paredes;KR 47;4;1;1;No;No
Salitre - El Greco;KR 66;4;1;0;No;No
Zona Industrial;CL 13 KR 38;2;2;0;No;No
León XIII;Autopista Sur - CL 48;2;1;0;No;No
Paloquemao;Kr 30 Cl 19;2;1;0;No;No
Carrera 90;KR 90;1;1;0;No;No
Gobernación;KR 54;4;1;0;No;No
Terreros - Hospital Cardio Vascular;Autopista Sur - Av Terreros;3;1;0;No;No
Escuela Militar;KR 40;2;1;0;No;No
Mandalay;Av. Americas -KR 73;4;1;0;No;No
AV. Cali;KR 86;1;1;0;No;No
Suba - TV. 91;Av Suba Kr 90;2;1;0;No;No
Ricaurte - CL 13;CL 13 - KR 28;3;2;0;No;No
Restrepo;CL 19 Sur - Av. 1 de M;2;2;0;No;No
Prado;CL 128 B;3;1;0;No;Si
Terminal;CL 190;4;1;0;No;Si
Virrey;CL 90;3;1;0;Si;Si
Toberin - Foundever;CL 165;5;1;0;No;Si
Pepe Sierra;CL 116;2;1;0;Si;Si
Calle 100 - Marketmedios;CL 97;3;2;0;Si;Si
Calle 142;CL 142;4;1;0;No;Si
Portal Norte;CL 173;0;0;0;Si;Si
Calle 187;CL 184;4;1;0;Si;Si
Alcalá;CL 137;3;2;0;No;Si
Calle 146;CL 146;3;1;0;Si;No
Calle 127;CL 127;2;1;0;No;Si
Héroes - Gel´Hada;CL 80;6;1;0;Si;No
Calle 161;CL 160;4;1;0;No;No
Calle 106;CL 106;4;1;0;No;No
Mazurén;CL 152;5;1;0;No;No
Calle 45 - American School Way;CL 45 - CL 42A;3;2;0;Si;No
Carrera 53;KR 53;1;1;0;Si;No
La Castellana;KR 30 Kr 24;4;1;0;Si;No
AV. 1 Mayo;AV. 1 Mayo con KR 7;3;2;0;Si;No
De La Sabana;CL 13 - KR 16;2;2;0;Si;No
La Despensa;Autopista Sur - Kr 20A;2;1;0;Si;No
Calle 72;CL 72 - CL 70A;3;2;0;Si;No
Centro Memoria;KR 20;2;2;0;Pendiente;No
Carrera 43 - Comapan;Av. Americas -KR 43;2;2;0;Si;No
Consuelo;KR 11A - KR 10C;2;1;0;Si;No
AV. Jiménez - Caracas;CL 13 - CL 11;4;2;0;Si;No
Comuneros;KR 30 -Cl 6A;2;2;0;Si;No
Calle 22;CL 24 - CL 22;3;2;0;Si;No
El Tiempo – Cámara de Comercio de Bogotá;KR 68d;4;1;0;Si;No
Biblioteca Tintal;Av.Cali - CL 26 sur;4;2;0;Si;No
Ciudad Jardín - UAN;Kra 10- CL 12 sur;2;1;0;Si;No
Bicentenario;Kra 10 -CL 5;0;2;1;Si;No
Calle 57;CL 57 - CL 54;3;2;0;Si;No
Biblioteca;CL 48A Sur;2;1;0;Si;No
AV. ElDorado;Kr 30 Av 28;1;1;0;Si;No
Calle 26;Avenida CL 28 - CL 2;3;2;0;Si;No
Alquería;AutoSur  KR 48;2;1;0;Si;No
Bosa;Autopista Sur - Av Bosa;2;1;0;Si;No
CAD;Kr 30 Cl 26;2;2;0;Si;No
Banderas;Av. Americas -KR 78;0;2;1;Si;No
Calle 19;CL 19 - CL 17;3;2;0;Si;No
AV. Jiménez - CL 13;CL 13 - caracas;3;2;0;Si;No
Movistar Arena;Kr 30 Cl 57;2;1;0;Si;No
AV. 39;Avenida 39;3;2;0;Si;No
Calle 76 - San Felipe;CL 76 - CL 74;3;2;0;Si;No
Calle 63;CL 63 - CL 60;3;2;0;Si;No
Calle 85;CL 85;4;1;0;Si;Si
NQS - Calle 30 S;AutoSur-Dg 26 Sur;2;1;0;Si;No
Country Sur;Kra 10- CL 28 Sur;2;2;0;Si;No
Carrera 47;KR 46;1;1;0;Si;No
Portal 80;KR 96;0;0;1;Pendiente;No
Olaya;CL 24 Sur - CL 27 Su;2;1;0;Si;No
Molinos;KR 9A;2;2;0;Si;No
Nariño;CL 8 Sur - CL 11 Sur;2;1;0;Si;No
Gratamira;Av Suba Cl 135;2;1;0;Si;No
Pradera;Av. Americas -KR 64;4;1;1;Si;No
Las Nieves;Kra 10- CL 18;2;2;0;Si;No
Modelia;KR 84;4;1;0;Si;No
Portal El Dorado;KR 87;0;0;1;Si;No
Flores – Areandina;CL 69  - CL 67;2;2;0;Si;No
Museo del Oro;KR 2;1;2;0;Si;No
General Santander;AutoSur-Kr43;4;1;1;Si;No
Portal Sur - JFK Coop. Financiera;AutoSur-Kr 82;0;0;1;Pendiente;No
Portal 20 de Julio;Kra 5 a Cl 33 Sur;0;0;1;Si;No
Humedal Córdoba;Av Suba CL 119;2;1;0;Si;No
Parque;CL 55 Sur;2;1;0;Si;No
Policarpa;Kra 10- CL 3 sur;2;2;0;Si;No
Museo Nacional;Kra 7- CL 32;0;1;0;Si;No
Hospital;CL 4 - CL 2;2;1;0;Si;No
Normandía;KR 73a;4;1;0;Si;No
Perdomo;AutoSur-Kr78C;2;1;0;Si;No
Hortúa;CL 1 Sur - CL 3 Sur;2;2;0;Si;No
Portal Usme;CL 65C Sur;0;0;0;Si;No
Ferias;Transversal  67 Bis;1;1;0;Si;No
Marly;CL 51 - CL 49;3;2;0;Si;No
Patio Bonito;Av.Cali - CL 40 sur;4;2;0;Si;No
Portal Tunal;Av. Boyaca - Av Villavicencio;0;0;0;Si;No
Fucha;CL 13 Sur - CL 16 Su;2;1;0;Si;No
Minuto de Dios;KR 73 A;1;1;0;Si;No
Portal Américas;Av.Cali - CL 43 sur;0;0;1;Si;No
Las Aguas - Centro Colombo Americano;KR 4;1;2;0;Si;No
Portal Suba;Av Suba Av C. Cali;0;0;1;Si;No
Suba - AV. Boyacá;Av Suba Av Boyacá;2;2;0;Si;No
Santa Lucía;CL 46A Sur - Diagonal 4;2;2;0;Si;No
San Martín;Av Suba Cl 81;2;1;0;Si;No
Universidades;KR 4;2;2;0;Si;No
Santa Isabel;Kr 30 Av 3;2;1;0;Si;No
Suba - Calle 95;Av Suba Cl 97;2;1;0;Si;No
Puente Aranda;CL 13 KR 47;2;1;0;Si;No
Quiroga;CL 31 Sur - CL 32 Su;2;1;0;Si;No
Puentelargo;Av Suba Tv 48;2;1;0;Si;No
San Victorino;Kra 10- CL 12;3;2;0;Si;No
CC Paseo Villa del Río - Madelena;AutoSur-Kr67;2;1;0;Si;No
San Mateo - CC Unisur;Autopista Sur - Kr 33;3;1;1;Si;No
Sevillana;Sevillana;2;1;0;Si;No
Rionegro;Av Suba Cl 87;2;1;0;Si;No
Suba - Calle 116;Av Suba CL 114;2;1;0;Si;No
San Bernardo;Kra 10- CL 1b  sur;2;2;0;Si;No
SENA;AutoSur-Cl 17 S;2;1;0;Si;No
San Facon Carrera 22;Av. Americas -KR 22;2;2;0;Si;No
Socorro;KR 16B - KR 14A;2;2;0;Si;No
21 Ángeles;Av Suba Cl 136;2;1;0;Si;No
Calle 34;Avenida CL 34 - CL 3;3;2;0;Si;No
Venecia;AutoSur-Av 54;2;1;0;Si;No
